R,G,B,Label,X,Y
121,91,11,1,54,459
45,42,0,1,48,506
154,130,5,1,66,546
177,158,47,1,67,570
180,166,24,1,78,596
109,89,9,1,132,546
89,83,17,1,145,516
243,196,11,1,202,563
39,18,6,1,243,598
35,16,4,1,280,614
163,175,78,1,273,561
139,127,20,1,233,506
214,171,20,1,265,512
122,104,26,1,386,600
142,115,32,1,449,623
95,77,21,1,467,617
79,70,39,1,404,559
107,81,8,1,485,560
109,81,18,1,666,619
213,174,9,1,571,581
16,26,6,1,706,558
37,47,10,1,764,514
125,119,24,1,726,481
58,55,21,1,856,424
44,49,22,1,913,385
71,59,15,1,898,411
31,19,55,1,815,462
99,81,38,1,792,481
32,22,15,1,891,456
99,97,13,1,910,437
201,201,25,1,865,522
34,36,18,1,856,532
186,180,83,1,922,482
45,53,32,1,945,573
71,81,24,1,929,615
91,68,32,1,867,626
18,30,18,1,910,583
86,85,53,1,877,559
71,72,31,1,879,510
99,81,38,1,792,481
96,82,2,1,684,506
73,43,2,1,615,548
39,35,13,1,524,586
113,109,5,1,399,574
66,72,19,1,281,554
36,32,18,1,159,517
158,142,6,1,145,559
52,60,20,1,370,596
173,163,62,1,385,589
77,86,0,1,308,522
78,62,10,1,440,575
165,111,37,1,592,545
44,51,10,1,661,484
57,58,10,1,661,473
109,119,39,1,643,469
60,58,38,1,623,481
86,91,25,1,681,503
33,40,17,1,668,543
75,71,55,1,647,562
164,128,16,1,609,581
25,39,27,1,687,569
59,59,38,1,761,577
57,63,49,1,844,576
68,56,17,1,872,630
165,166,74,1,935,623
75,71,53,1,959,505
63,58,41,1,950,446
62,55,2,1,928,408
114,100,38,1,842,441
25,31,6,1,777,471
51,54,23,1,741,482
33,51,73,0,488,26
35,53,77,0,487,41
35,55,79,0,485,55
38,62,86,0,485,80
49,75,102,0,487,114
61,88,117,0,487,144
79,113,148,0,487,188
90,128,164,0,488,208
108,146,183,0,489,232
123,166,200,0,489,253
145,182,211,0,490,270
176,203,224,0,490,292
197,216,230,0,491,311
115,132,150,0,495,361
175,203,215,0,496,407
186,209,221,0,504,387
228,236,239,0,495,344
184,210,222,0,485,393
162,194,208,0,483,409
150,177,188,0,486,432
114,150,161,0,493,441
171,197,207,0,500,447
170,125,82,0,657,394
78,64,58,0,666,396
147,110,69,0,695,402
164,111,44,0,706,394
151,114,86,0,715,381
177,138,83,0,720,368
45,51,39,0,698,342
59,56,44,0,711,340
84,72,58,0,754,341
33,33,34,0,773,343
88,64,45,0,778,355
146,109,35,0,703,385
163,128,75,0,683,398
174,116,71,0,664,378
138,104,67,0,654,407
49,44,36,0,636,404
189,189,189,0,45,288
194,194,196,0,23,293
184,184,188,0,25,293
192,192,192,0,47,290
178,178,176,0,26,253
127,143,162,0,46,265
108,142,169,0,73,277
133,157,180,0,98,292
142,168,188,0,129,298
158,175,194,0,150,308
165,183,197,0,174,312
169,187,201,0,199,314
171,189,203,0,216,315
170,189,204,0,235,312
167,188,207,0,277,303
159,186,207,0,314,296
162,192,204,0,355,418
142,178,194,0,327,410
139,169,185,0,289,396
148,179,197,0,259,391
153,182,200,0,236,388
149,177,194,0,212,383
132,165,184,0,186,382
131,165,184,0,162,378
130,146,113,0,139,379
127,122,123,0,171,364
39,46,54,0,190,367
112,139,159,0,207,370
146,175,193,0,242,374
55,62,67,0,260,373
147,175,196,0,272,373
149,180,201,0,300,374
147,173,190,0,316,374
141,169,188,0,332,373
149,179,199,0,345,373
30,39,48,0,63,371
57,60,64,0,70,370
142,160,176,0,84,371
137,173,196,0,101,373
150,175,197,0,122,374
142,173,188,0,134,373
87,98,97,1,29,347
80,90,89,1,31,347
77,91,99,1,56,345
95,105,105,1,80,341
93,103,105,1,113,342
110,120,112,1,127,342
104,114,114,1,141,342
91,101,113,1,168,346
90,101,107,1,178,346
95,111,124,1,199,345
106,122,135,1,214,344
114,130,145,1,251,342
116,131,146,1,255,341
121,138,156,1,284,336
125,142,162,1,321,340
128,145,165,1,334,342
130,148,167,1,351,351
130,147,166,1,366,355
128,150,164,1,375,352
128,145,165,1,344,345
118,136,158,1,325,336
114,132,152,1,308,331
119,137,159,1,338,332
124,142,162,1,351,339
202,216,227,0,443,351
169,197,211,0,436,379
175,202,214,0,436,392
174,200,213,0,488,403
191,215,227,0,537,390
159,191,212,0,571,377
239,243,244,0,592,354
206,225,239,0,641,308
238,246,246,0,617,353
170,200,228,0,578,283
107,149,187,0,581,226
85,119,154,0,801,175
122,166,203,0,862,231
172,205,232,0,907,273
186,213,234,0,929,284
99,141,179,0,786,203
77,110,145,0,724,164
96,138,176,0,625,210
114,158,195,0,683,230
76,109,144,0,856,159
69,103,131,0,921,145
41,46,52,1,733,290
101,105,109,1,735,291
183,212,227,1,746,292
67,78,81,1,738,279
36,35,33,1,751,308
34,35,32,1,807,311
27,29,26,1,806,313
45,48,34,1,803,321
97,95,52,1,830,324
90,83,22,1,857,316
42,42,40,1,820,320
44,47,34,1,799,322
28,35,27,1,795,325
50,53,41,1,706,326
60,63,47,1,705,322
20,25,21,1,699,352
57,59,43,1,693,360
227,237,241,0,656,329
207,225,237,0,540,317
196,218,232,0,539,306
91,127,161,0,389,219
85,119,154,0,350,210
67,101,129,0,211,197
56,85,115,0,133,181
56,83,112,0,136,176
54,81,110,0,113,173
59,88,118,0,72,192
71,104,135,0,64,220
54,81,110,0,211,163
46,72,99,0,366,125
43,69,95,0,421,110
76,110,145,0,421,191
63,90,119,0,675,133
82,116,151,0,457,196
97,135,172,0,508,216
198,216,226,0,480,365
163,195,210,0,449,402
152,184,198,0,455,417
185,205,216,0,487,424
152,184,199,0,427,412
161,191,202,0,472,411
189,210,226,0,450,309
160,189,216,0,424,285
116,155,188,0,378,251
114,152,188,0,369,251
